location_category,loyalty_tier,vehicle_type,demand_profile,pricing_model,hwco_rides_30d,hwco_unit_price,hwco_duration_minutes,hwco_revenue_30d,hwco_explanation,lyft_rides_30d,lyft_unit_price,lyft_duration_minutes,lyft_revenue_30d,lyft_explanation,rec1_rides_30d,rec1_unit_price,rec1_duration_minutes,rec1_revenue_30d,rec1_explanation,rec2_rides_30d,rec2_unit_price,rec2_duration_minutes,rec2_revenue_30d,rec2_explanation,rec3_rides_30d,rec3_unit_price,rec3_duration_minutes,rec3_revenue_30d,rec3_explanation
Urban,Gold,Premium,HIGH,CONTRACTED,0,0,0,0,No HWCO historical data available for this segment. Unable to establish baseline metrics.,0,0,0,0,No Lyft competitor data available for this segment. Unable to benchmark against competitor pricing.,58.87,3.463,73.2,14923.05,No rules applied to this segment,58.87,3.463,73.2,14923.05,No rules applied to this segment,58.87,3.463,73.2,14923.05,No rules applied to this segment
Suburban,Gold,Premium,HIGH,CONTRACTED,0,0,0,0,No HWCO historical data available for this segment. Unable to establish baseline metrics.,0,0,0,0,No Lyft competitor data available for this segment. Unable to benchmark against competitor pricing.,50.75,3.5235,63.53,11360.28,No rules applied to this segment,50.75,3.5235,63.53,11360.28,No rules applied to this segment,50.75,3.5235,63.53,11360.28,No rules applied to this segment
Rural,Gold,Premium,HIGH,CONTRACTED,0,0,0,0,No HWCO historical data available for this segment. Unable to establish baseline metrics.,0,0,0,0,No Lyft competitor data available for this segment. Unable to benchmark against competitor pricing.,56.84,3.4936,76.9,15270.51,No rules applied to this segment,56.84,3.4936,76.9,15270.51,No rules applied to this segment,56.84,3.4936,76.9,15270.51,No rules applied to this segment
Urban,Gold,Premium,HIGH,STANDARD,0,0,0,0,No HWCO historical data available for this segment. Unable to establish baseline metrics.,0,0,0,0,No Lyft competitor data available for this segment. Unable to benchmark against competitor pricing.,46.69,4.1246,47.23,9095.44,No rules applied to this segment,46.69,4.1246,47.23,9095.44,No rules applied to this segment,46.69,4.1246,47.23,9095.44,No rules applied to this segment
Suburban,Gold,Premium,HIGH,STANDARD,0,0,0,0,No HWCO historical data available for this segment. Unable to establish baseline metrics.,0,0,0,0,No Lyft competitor data available for this segment. Unable to benchmark against competitor pricing.,50.75,4.1469,49.76,10472.25,No rules applied to this segment,50.75,4.1469,49.76,10472.25,No rules applied to this segment,50.75,4.1469,49.76,10472.25,No rules applied to this segment
Rural,Gold,Premium,HIGH,STANDARD,0,0,0,0,No HWCO historical data available for this segment. Unable to establish baseline metrics.,0,0,0,0,No Lyft competitor data available for this segment. Unable to benchmark against competitor pricing.,62.93,4.2507,64.06,17135.83,No rules applied to this segment,62.93,4.2507,64.06,17135.83,No rules applied to this segment,62.93,4.2507,64.06,17135.83,No rules applied to this segment
Urban,Gold,Premium,HIGH,CUSTOM,0,0,0,0,No HWCO historical data available for this segment. Unable to establish baseline metrics.,0,0,0,0,No Lyft competitor data available for this segment. Unable to benchmark against competitor pricing.,34.51,4.8361,39.35,6567.27,No rules applied to this segment,34.51,4.8361,39.35,6567.27,No rules applied to this segment,34.51,4.8361,39.35,6567.27,No rules applied to this segment
Suburban,Gold,Premium,HIGH,CUSTOM,0,0,0,0,No HWCO historical data available for this segment. Unable to establish baseline metrics.,0,0,0,0,No Lyft competitor data available for this segment. Unable to benchmark against competitor pricing.,53.79,4.7605,35.89,9190.26,No rules applied to this segment,53.79,4.7605,35.89,9190.26,No rules applied to this segment,53.79,4.7605,35.89,9190.26,No rules applied to this segment
Rural,Gold,Premium,HIGH,CUSTOM,0,0,0,0,No HWCO historical data available for this segment. Unable to establish baseline metrics.,0,0,0,0,No Lyft competitor data available for this segment. Unable to benchmark against competitor pricing.,51.76,4.8635,35.25,8873.65,No rules applied to this segment,51.76,4.8635,35.25,8873.65,No rules applied to this segment,51.76,4.8635,35.25,8873.65,No rules applied to this segment
Urban,Gold,Premium,MEDIUM,CONTRACTED,0,0,0,0,No HWCO historical data available for this segment. Unable to establish baseline metrics.,0,0,0,0,No Lyft competitor data available for this segment. Unable to benchmark against competitor pricing.,59.59,3.3484,72.34,14434.08,No rules applied to this segment,59.59,3.3484,72.34,14434.08,No rules applied to this segment,59.59,3.3484,72.34,14434.08,No rules applied to this segment
Suburban,Gold,Premium,MEDIUM,CONTRACTED,0,0,0,0,No HWCO historical data available for this segment. Unable to establish baseline metrics.,0,0,0,0,No Lyft competitor data available for this segment. Unable to benchmark against competitor pricing.,53.53,3.5983,62.98,12131.02,No rules applied to this segment,53.53,3.5983,62.98,12131.02,No rules applied to this segment,53.53,3.5983,62.98,12131.02,No rules applied to this segment
Rural,Gold,Premium,MEDIUM,CONTRACTED,0,0,0,0,No HWCO historical data available for this segment. Unable to establish baseline metrics.,0,0,0,0,No Lyft competitor data available for this segment. Unable to benchmark against competitor pricing.,51.51,3.3555,70.22,12136.95,No rules applied to this segment,51.51,3.3555,70.22,12136.95,No rules applied to this segment,51.51,3.3555,70.22,12136.95,No rules applied to this segment
Urban,Gold,Premium,MEDIUM,STANDARD,0,0,0,0,No HWCO historical data available for this segment. Unable to establish baseline metrics.,0,0,0,0,No Lyft competitor data available for this segment. Unable to benchmark against competitor pricing.,63.63,4.3245,63.26,17407.12,No rules applied to this segment,63.63,4.3245,63.26,17407.12,No rules applied to this segment,63.63,4.3245,63.26,17407.12,No rules applied to this segment
Suburban,Gold,Premium,MEDIUM,STANDARD,0,0,0,0,No HWCO historical data available for this segment. Unable to establish baseline metrics.,0,0,0,0,No Lyft competitor data available for this segment. Unable to benchmark against competitor pricing.,43.43,4.0964,55.35,9847.13,No rules applied to this segment,43.43,4.0964,55.35,9847.13,No rules applied to this segment,43.43,4.0964,55.35,9847.13,No rules applied to this segment
Rural,Gold,Premium,MEDIUM,STANDARD,0,0,0,0,No HWCO historical data available for this segment. Unable to establish baseline metrics.,0,0,0,0,No Lyft competitor data available for this segment. Unable to benchmark against competitor pricing.,67.67,4.4485,63.96,19253.88,No rules applied to this segment,67.67,4.4485,63.96,19253.88,No rules applied to this segment,67.67,4.4485,63.96,19253.88,No rules applied to this segment
Urban,Gold,Premium,MEDIUM,CUSTOM,0,0,0,0,No HWCO historical data available for this segment. Unable to establish baseline metrics.,0,0,0,0,No Lyft competitor data available for this segment. Unable to benchmark against competitor pricing.,35.35,5.0549,37.01,6613.34,No rules applied to this segment,35.35,5.0549,37.01,6613.34,No rules applied to this segment,35.35,5.0549,37.01,6613.34,No rules applied to this segment
Suburban,Gold,Premium,MEDIUM,CUSTOM,0,0,0,0,No HWCO historical data available for this segment. Unable to establish baseline metrics.,0,0,0,0,No Lyft competitor data available for this segment. Unable to benchmark against competitor pricing.,48.48,4.7847,36.5,8466.62,No rules applied to this segment,48.48,4.7847,36.5,8466.62,No rules applied to this segment,48.48,4.7847,36.5,8466.62,No rules applied to this segment
Rural,Gold,Premium,MEDIUM,CUSTOM,0,0,0,0,No HWCO historical data available for this segment. Unable to establish baseline metrics.,0,0,0,0,No Lyft competitor data available for this segment. Unable to benchmark against competitor pricing.,51.51,4.8286,34.92,8685.34,No rules applied to this segment,51.51,4.8286,34.92,8685.34,No rules applied to this segment,51.51,4.8286,34.92,8685.34,No rules applied to this segment
Urban,Gold,Premium,LOW,CONTRACTED,0,0,0,0,No HWCO historical data available for this segment. Unable to establish baseline metrics.,0,0,0,0,No Lyft competitor data available for this segment. Unable to benchmark against competitor pricing.,39.19,3.6917,56.79,8216.25,No rules applied to this segment,39.19,3.6917,56.79,8216.25,No rules applied to this segment,39.19,3.6917,56.79,8216.25,No rules applied to this segment
Suburban,Gold,Premium,LOW,CONTRACTED,0,0,0,0,No HWCO historical data available for this segment. Unable to establish baseline metrics.,0,0,0,0,No Lyft competitor data available for this segment. Unable to benchmark against competitor pricing.,37.18,3.5509,45.64,6025.51,No rules applied to this segment,37.18,3.5509,45.64,6025.51,No rules applied to this segment,37.18,3.5509,45.64,6025.51,No rules applied to this segment
Rural,Gold,Premium,LOW,CONTRACTED,0,0,0,0,No HWCO historical data available for this segment. Unable to establish baseline metrics.,0,0,0,0,No Lyft competitor data available for this segment. Unable to benchmark against competitor pricing.,43.21,3.7078,60.4,9676.93,No rules applied to this segment,43.21,3.7078,60.4,9676.93,No rules applied to this segment,43.21,3.7078,60.4,9676.93,No rules applied to this segment
Urban,Gold,Premium,LOW,STANDARD,0,0,0,0,No HWCO historical data available for this segment. Unable to establish baseline metrics.,0,0,0,0,No Lyft competitor data available for this segment. Unable to benchmark against competitor pricing.,43.21,4.1599,53.0,9526.71,No rules applied to this segment,43.21,4.1599,53.0,9526.71,No rules applied to this segment,43.21,4.1599,53.0,9526.71,No rules applied to this segment
Suburban,Gold,Premium,LOW,STANDARD,0,0,0,0,No HWCO historical data available for this segment. Unable to establish baseline metrics.,0,0,0,0,No Lyft competitor data available for this segment. Unable to benchmark against competitor pricing.,49.24,4.1723,47.96,9853.1,No rules applied to this segment,49.24,4.1723,47.96,9853.1,No rules applied to this segment,49.24,4.1723,47.96,9853.1,No rules applied to this segment
Rural,Gold,Premium,LOW,STANDARD,0,0,0,0,No HWCO historical data available for this segment. Unable to establish baseline metrics.,0,0,0,0,No Lyft competitor data available for this segment. Unable to benchmark against competitor pricing.,45.22,4.0555,41.72,7651.02,No rules applied to this segment,45.22,4.0555,41.72,7651.02,No rules applied to this segment,45.22,4.0555,41.72,7651.02,No rules applied to this segment
Urban,Gold,Premium,LOW,CUSTOM,0,0,0,0,No HWCO historical data available for this segment. Unable to establish baseline metrics.,0,0,0,0,No Lyft competitor data available for this segment. Unable to benchmark against competitor pricing.,37.18,4.914,33.72,6160.73,No rules applied to this segment,37.18,4.914,33.72,6160.73,No rules applied to this segment,37.18,4.914,33.72,6160.73,No rules applied to this segment
Suburban,Gold,Premium,LOW,CUSTOM,0,0,0,0,No HWCO historical data available for this segment. Unable to establish baseline metrics.,0,0,0,0,No Lyft competitor data available for this segment. Unable to benchmark against competitor pricing.,49.24,4.7825,35.25,8301.03,No rules applied to this segment,49.24,4.7825,35.25,8301.03,No rules applied to this segment,49.24,4.7825,35.25,8301.03,No rules applied to this segment
Rural,Gold,Premium,LOW,CUSTOM,0,0,0,0,No HWCO historical data available for this segment. Unable to establish baseline metrics.,0,0,0,0,No Lyft competitor data available for this segment. Unable to benchmark against competitor pricing.,48.24,4.8186,35.27,8198.49,No rules applied to this segment,48.24,4.8186,35.27,8198.49,No rules applied to this segment,48.24,4.8186,35.27,8198.49,No rules applied to this segment
Urban,Gold,Economy,HIGH,CONTRACTED,0,0,0,0,No HWCO historical data available for this segment. Unable to establish baseline metrics.,0,0,0,0,No Lyft competitor data available for this segment. Unable to benchmark against competitor pricing.,42.63,2.6891,39.72,4553.36,No rules applied to this segment,42.63,2.6891,39.72,4553.36,No rules applied to this segment,42.63,2.6891,39.72,4553.36,No rules applied to this segment
Suburban,Gold,Economy,HIGH,CONTRACTED,0,0,0,0,No HWCO historical data available for this segment. Unable to establish baseline metrics.,0,0,0,0,No Lyft competitor data available for this segment. Unable to benchmark against competitor pricing.,40.6,2.7605,39.68,4447.19,No rules applied to this segment,40.6,2.7605,39.68,4447.19,No rules applied to this segment,40.6,2.7605,39.68,4447.19,No rules applied to this segment
Rural,Gold,Economy,HIGH,CONTRACTED,0,0,0,0,No HWCO historical data available for this segment. Unable to establish baseline metrics.,0,0,0,0,No Lyft competitor data available for this segment. Unable to benchmark against competitor pricing.,46.69,2.7245,43.92,5586.93,No rules applied to this segment,46.69,2.7245,43.92,5586.93,No rules applied to this segment,46.69,2.7245,43.92,5586.93,No rules applied to this segment
Urban,Gold,Economy,HIGH,STANDARD,0,0,0,0,No HWCO historical data available for this segment. Unable to establish baseline metrics.,0,0,0,0,No Lyft competitor data available for this segment. Unable to benchmark against competitor pricing.,58.87,3.2015,50.56,9529.16,No rules applied to this segment,58.87,3.2015,50.56,9529.16,No rules applied to this segment,58.87,3.2015,50.56,9529.16,No rules applied to this segment
Suburban,Gold,Economy,HIGH,STANDARD,0,0,0,0,No HWCO historical data available for this segment. Unable to establish baseline metrics.,0,0,0,0,No Lyft competitor data available for this segment. Unable to benchmark against competitor pricing.,64.96,3.3808,67.31,14782.4,No rules applied to this segment,64.96,3.3808,67.31,14782.4,No rules applied to this segment,64.96,3.3808,67.31,14782.4,No rules applied to this segment
Rural,Gold,Economy,HIGH,STANDARD,0,0,0,0,No HWCO historical data available for this segment. Unable to establish baseline metrics.,0,0,0,0,No Lyft competitor data available for this segment. Unable to benchmark against competitor pricing.,69.02,3.2445,60.43,13532.42,No rules applied to this segment,69.02,3.2445,60.43,13532.42,No rules applied to this segment,69.02,3.2445,60.43,13532.42,No rules applied to this segment
Urban,Gold,Economy,HIGH,CUSTOM,0,0,0,0,No HWCO historical data available for this segment. Unable to establish baseline metrics.,0,0,0,0,No Lyft competitor data available for this segment. Unable to benchmark against competitor pricing.,42.63,3.7187,38.02,6027.24,No rules applied to this segment,42.63,3.7187,38.02,6027.24,No rules applied to this segment,42.63,3.7187,38.02,6027.24,No rules applied to this segment
Suburban,Gold,Economy,HIGH,CUSTOM,0,0,0,0,No HWCO historical data available for this segment. Unable to establish baseline metrics.,0,0,0,0,No Lyft competitor data available for this segment. Unable to benchmark against competitor pricing.,42.63,3.8056,43.22,7011.7,No rules applied to this segment,42.63,3.8056,43.22,7011.7,No rules applied to this segment,42.63,3.8056,43.22,7011.7,No rules applied to this segment
Rural,Gold,Economy,HIGH,CUSTOM,0,0,0,0,No HWCO historical data available for this segment. Unable to establish baseline metrics.,0,0,0,0,No Lyft competitor data available for this segment. Unable to benchmark against competitor pricing.,38.57,3.5412,32.67,4462.2,No rules applied to this segment,38.57,3.5412,32.67,4462.2,No rules applied to this segment,38.57,3.5412,32.67,4462.2,No rules applied to this segment
Urban,Gold,Economy,MEDIUM,CONTRACTED,0,0,0,0,No HWCO historical data available for this segment. Unable to establish baseline metrics.,0,0,0,0,No Lyft competitor data available for this segment. Unable to benchmark against competitor pricing.,39.39,2.7034,35.92,3825.01,No rules applied to this segment,39.39,2.7034,35.92,3825.01,No rules applied to this segment,39.39,2.7034,35.92,3825.01,No rules applied to this segment
Suburban,Gold,Economy,MEDIUM,CONTRACTED,0,0,0,0,No HWCO historical data available for this segment. Unable to establish baseline metrics.,0,0,0,0,No Lyft competitor data available for this segment. Unable to benchmark against competitor pricing.,37.37,2.6868,32.55,3268.21,No rules applied to this segment,37.37,2.6868,32.55,3268.21,No rules applied to this segment,37.37,2.6868,32.55,3268.21,No rules applied to this segment
Rural,Gold,Economy,MEDIUM,CONTRACTED,0,0,0,0,No HWCO historical data available for this segment. Unable to establish baseline metrics.,0,0,0,0,No Lyft competitor data available for this segment. Unable to benchmark against competitor pricing.,43.43,2.6839,52.45,6113.67,No rules applied to this segment,43.43,2.6839,52.45,6113.67,No rules applied to this segment,43.43,2.6839,52.45,6113.67,No rules applied to this segment
Urban,Gold,Economy,MEDIUM,STANDARD,0,0,0,0,No HWCO historical data available for this segment. Unable to establish baseline metrics.,0,0,0,0,No Lyft competitor data available for this segment. Unable to benchmark against competitor pricing.,63.63,3.4945,63.44,14106.2,No rules applied to this segment,63.63,3.4945,63.44,14106.2,No rules applied to this segment,63.63,3.4945,63.44,14106.2,No rules applied to this segment
Suburban,Gold,Economy,MEDIUM,STANDARD,0,0,0,0,No HWCO historical data available for this segment. Unable to establish baseline metrics.,0,0,0,0,No Lyft competitor data available for this segment. Unable to benchmark against competitor pricing.,65.65,3.3661,60.91,13460.16,No rules applied to this segment,65.65,3.3661,60.91,13460.16,No rules applied to this segment,65.65,3.3661,60.91,13460.16,No rules applied to this segment
Rural,Gold,Economy,MEDIUM,STANDARD,0,0,0,0,No HWCO historical data available for this segment. Unable to establish baseline metrics.,0,0,0,0,No Lyft competitor data available for this segment. Unable to benchmark against competitor pricing.,49.49,3.1775,47.14,7412.98,No rules applied to this segment,49.49,3.1775,47.14,7412.98,No rules applied to this segment,49.49,3.1775,47.14,7412.98,No rules applied to this segment
Urban,Gold,Economy,MEDIUM,CUSTOM,0,0,0,0,No HWCO historical data available for this segment. Unable to establish baseline metrics.,0,0,0,0,No Lyft competitor data available for this segment. Unable to benchmark against competitor pricing.,41.41,3.8937,50.64,8165.1,No rules applied to this segment,41.41,3.8937,50.64,8165.1,No rules applied to this segment,41.41,3.8937,50.64,8165.1,No rules applied to this segment
Suburban,Gold,Economy,MEDIUM,CUSTOM,0,0,0,0,No HWCO historical data available for this segment. Unable to establish baseline metrics.,0,0,0,0,No Lyft competitor data available for this segment. Unable to benchmark against competitor pricing.,39.39,3.8412,41.43,6268.56,No rules applied to this segment,39.39,3.8412,41.43,6268.56,No rules applied to this segment,39.39,3.8412,41.43,6268.56,No rules applied to this segment
Rural,Gold,Economy,MEDIUM,CUSTOM,0,0,0,0,No HWCO historical data available for this segment. Unable to establish baseline metrics.,0,0,0,0,No Lyft competitor data available for this segment. Unable to benchmark against competitor pricing.,37.37,3.604,34.6,4659.98,No rules applied to this segment,37.37,3.604,34.6,4659.98,No rules applied to this segment,37.37,3.604,34.6,4659.98,No rules applied to this segment
Urban,Gold,Economy,LOW,CONTRACTED,0,0,0,0,No HWCO historical data available for this segment. Unable to establish baseline metrics.,0,0,0,0,No Lyft competitor data available for this segment. Unable to benchmark against competitor pricing.,33.16,2.8898,25.77,2469.43,No rules applied to this segment,33.16,2.8898,25.77,2469.43,No rules applied to this segment,33.16,2.8898,25.77,2469.43,No rules applied to this segment
Suburban,Gold,Economy,LOW,CONTRACTED,0,0,0,0,No HWCO historical data available for this segment. Unable to establish baseline metrics.,0,0,0,0,No Lyft competitor data available for this segment. Unable to benchmark against competitor pricing.,41.2,2.6727,38.97,4291.19,No rules applied to this segment,41.2,2.6727,38.97,4291.19,No rules applied to this segment,41.2,2.6727,38.97,4291.19,No rules applied to this segment
Rural,Gold,Economy,LOW,CONTRACTED,0,0,0,0,No HWCO historical data available for this segment. Unable to establish baseline metrics.,0,0,0,0,No Lyft competitor data available for this segment. Unable to benchmark against competitor pricing.,39.19,2.7771,39.7,4320.73,No rules applied to this segment,39.19,2.7771,39.7,4320.73,No rules applied to this segment,39.19,2.7771,39.7,4320.73,No rules applied to this segment
Urban,Gold,Economy,LOW,STANDARD,0,0,0,0,No HWCO historical data available for this segment. Unable to establish baseline metrics.,0,0,0,0,No Lyft competitor data available for this segment. Unable to benchmark against competitor pricing.,49.24,3.1679,34.57,5392.48,No rules applied to this segment,49.24,3.1679,34.57,5392.48,No rules applied to this segment,49.24,3.1679,34.57,5392.48,No rules applied to this segment
Suburban,Gold,Economy,LOW,STANDARD,0,0,0,0,No HWCO historical data available for this segment. Unable to establish baseline metrics.,0,0,0,0,No Lyft competitor data available for this segment. Unable to benchmark against competitor pricing.,39.19,3.2358,38.69,4906.32,No rules applied to this segment,39.19,3.2358,38.69,4906.32,No rules applied to this segment,39.19,3.2358,38.69,4906.32,No rules applied to this segment
Rural,Gold,Economy,LOW,STANDARD,0,0,0,0,No HWCO historical data available for this segment. Unable to establish baseline metrics.,0,0,0,0,No Lyft competitor data available for this segment. Unable to benchmark against competitor pricing.,41.2,3.1099,34.72,4448.6,No rules applied to this segment,41.2,3.1099,34.72,4448.6,No rules applied to this segment,41.2,3.1099,34.72,4448.6,No rules applied to this segment
Urban,Gold,Economy,LOW,CUSTOM,0,0,0,0,No HWCO historical data available for this segment. Unable to establish baseline metrics.,0,0,0,0,No Lyft competitor data available for this segment. Unable to benchmark against competitor pricing.,37.18,3.5579,28.63,3787.25,No rules applied to this segment,37.18,3.5579,28.63,3787.25,No rules applied to this segment,37.18,3.5579,28.63,3787.25,No rules applied to this segment
Suburban,Gold,Economy,LOW,CUSTOM,0,0,0,0,No HWCO historical data available for this segment. Unable to establish baseline metrics.,0,0,0,0,No Lyft competitor data available for this segment. Unable to benchmark against competitor pricing.,35.17,3.4306,27.43,3309.54,No rules applied to this segment,35.17,3.4306,27.43,3309.54,No rules applied to this segment,35.17,3.4306,27.43,3309.54,No rules applied to this segment
Rural,Gold,Economy,LOW,CUSTOM,0,0,0,0,No HWCO historical data available for this segment. Unable to establish baseline metrics.,0,0,0,0,No Lyft competitor data available for this segment. Unable to benchmark against competitor pricing.,39.19,3.6073,32.21,4553.53,No rules applied to this segment,39.19,3.6073,32.21,4553.53,No rules applied to this segment,39.19,3.6073,32.21,4553.53,No rules applied to this segment
Urban,Silver,Premium,HIGH,CONTRACTED,0,0,0,0,No HWCO historical data available for this segment. Unable to establish baseline metrics.,0,0,0,0,No Lyft competitor data available for this segment. Unable to benchmark against competitor pricing.,54.81,3.4708,67.45,12831.32,No rules applied to this segment,54.81,3.4708,67.45,12831.32,No rules applied to this segment,54.81,3.4708,67.45,12831.32,No rules applied to this segment
Suburban,Silver,Premium,HIGH,CONTRACTED,0,0,0,0,No HWCO historical data available for this segment. Unable to establish baseline metrics.,0,0,0,0,No Lyft competitor data available for this segment. Unable to benchmark against competitor pricing.,58.87,3.5213,69.08,14320.21,No rules applied to this segment,58.87,3.5213,69.08,14320.21,No rules applied to this segment,58.87,3.5213,69.08,14320.21,No rules applied to this segment
Rural,Silver,Premium,HIGH,CONTRACTED,0,0,0,0,No HWCO historical data available for this segment. Unable to establish baseline metrics.,0,0,0,0,No Lyft competitor data available for this segment. Unable to benchmark against competitor pricing.,56.84,3.5117,63.32,12638.99,No rules applied to this segment,56.84,3.5117,63.32,12638.99,No rules applied to this segment,56.84,3.5117,63.32,12638.99,No rules applied to this segment
Urban,Silver,Premium,HIGH,STANDARD,0,0,0,0,No HWCO historical data available for this segment. Unable to establish baseline metrics.,0,0,0,0,No Lyft competitor data available for this segment. Unable to benchmark against competitor pricing.,52.78,4.2073,49.01,10883.22,No rules applied to this segment,52.78,4.2073,49.01,10883.22,No rules applied to this segment,52.78,4.2073,49.01,10883.22,No rules applied to this segment
Suburban,Silver,Premium,HIGH,STANDARD,0,0,0,0,No HWCO historical data available for this segment. Unable to establish baseline metrics.,0,0,0,0,No Lyft competitor data available for this segment. Unable to benchmark against competitor pricing.,64.96,4.3001,58.34,16296.37,No rules applied to this segment,64.96,4.3001,58.34,16296.37,No rules applied to this segment,64.96,4.3001,58.34,16296.37,No rules applied to this segment
Rural,Silver,Premium,HIGH,STANDARD,0,0,0,0,No HWCO historical data available for this segment. Unable to establish baseline metrics.,0,0,0,0,No Lyft competitor data available for this segment. Unable to benchmark against competitor pricing.,54.81,4.1832,56.92,13050.69,No rules applied to this segment,54.81,4.1832,56.92,13050.69,No rules applied to this segment,54.81,4.1832,56.92,13050.69,No rules applied to this segment
Urban,Silver,Premium,HIGH,CUSTOM,0,0,0,0,No HWCO historical data available for this segment. Unable to establish baseline metrics.,0,0,0,0,No Lyft competitor data available for this segment. Unable to benchmark against competitor pricing.,36.54,4.9862,33.28,6063.47,No rules applied to this segment,36.54,4.9862,33.28,6063.47,No rules applied to this segment,36.54,4.9862,33.28,6063.47,No rules applied to this segment
Suburban,Silver,Premium,HIGH,CUSTOM,0,0,0,0,No HWCO historical data available for this segment. Unable to establish baseline metrics.,0,0,0,0,No Lyft competitor data available for this segment. Unable to benchmark against competitor pricing.,52.78,4.7972,35.81,9066.96,No rules applied to this segment,52.78,4.7972,35.81,9066.96,No rules applied to this segment,52.78,4.7972,35.81,9066.96,No rules applied to this segment
Rural,Silver,Premium,HIGH,CUSTOM,0,0,0,0,No HWCO historical data available for this segment. Unable to establish baseline metrics.,0,0,0,0,No Lyft competitor data available for this segment. Unable to benchmark against competitor pricing.,52.78,4.8118,35.98,9137.73,No rules applied to this segment,52.78,4.8118,35.98,9137.73,No rules applied to this segment,52.78,4.8118,35.98,9137.73,No rules applied to this segment
Urban,Silver,Premium,MEDIUM,CONTRACTED,0,0,0,0,No HWCO historical data available for this segment. Unable to establish baseline metrics.,0,0,0,0,No Lyft competitor data available for this segment. Unable to benchmark against competitor pricing.,69.69,3.6471,82.27,20910.27,No rules applied to this segment,69.69,3.6471,82.27,20910.27,No rules applied to this segment,69.69,3.6471,82.27,20910.27,No rules applied to this segment
Suburban,Silver,Premium,MEDIUM,CONTRACTED,0,0,0,0,No HWCO historical data available for this segment. Unable to establish baseline metrics.,0,0,0,0,No Lyft competitor data available for this segment. Unable to benchmark against competitor pricing.,67.67,3.5259,75.77,18078.54,No rules applied to this segment,67.67,3.5259,75.77,18078.54,No rules applied to this segment,67.67,3.5259,75.77,18078.54,No rules applied to this segment
Rural,Silver,Premium,MEDIUM,CONTRACTED,0,0,0,0,No HWCO historical data available for this segment. Unable to establish baseline metrics.,0,0,0,0,No Lyft competitor data available for this segment. Unable to benchmark against competitor pricing.,49.49,3.5738,64.68,11439.78,No rules applied to this segment,49.49,3.5738,64.68,11439.78,No rules applied to this segment,49.49,3.5738,64.68,11439.78,No rules applied to this segment
Urban,Silver,Premium,MEDIUM,STANDARD,0,0,0,0,No HWCO historical data available for this segment. Unable to establish baseline metrics.,0,0,0,0,No Lyft competitor data available for this segment. Unable to benchmark against competitor pricing.,69.69,4.3358,63.26,19114.76,No rules applied to this segment,69.69,4.3358,63.26,19114.76,No rules applied to this segment,69.69,4.3358,63.26,19114.76,No rules applied to this segment
Suburban,Silver,Premium,MEDIUM,STANDARD,0,0,0,0,No HWCO historical data available for this segment. Unable to establish baseline metrics.,0,0,0,0,No Lyft competitor data available for this segment. Unable to benchmark against competitor pricing.,59.59,4.2662,58.74,14933.05,No rules applied to this segment,59.59,4.2662,58.74,14933.05,No rules applied to this segment,59.59,4.2662,58.74,14933.05,No rules applied to this segment
Rural,Silver,Premium,MEDIUM,STANDARD,0,0,0,0,No HWCO historical data available for this segment. Unable to establish baseline metrics.,0,0,0,0,No Lyft competitor data available for this segment. Unable to benchmark against competitor pricing.,63.63,4.3319,69.14,19057.67,No rules applied to this segment,63.63,4.3319,69.14,19057.67,No rules applied to this segment,63.63,4.3319,69.14,19057.67,No rules applied to this segment
Urban,Silver,Premium,MEDIUM,CUSTOM,0,0,0,0,No HWCO historical data available for this segment. Unable to establish baseline metrics.,0,0,0,0,No Lyft competitor data available for this segment. Unable to benchmark against competitor pricing.,35.35,4.7807,34.23,5784.79,No rules applied to this segment,35.35,4.7807,34.23,5784.79,No rules applied to this segment,35.35,4.7807,34.23,5784.79,No rules applied to this segment
Suburban,Silver,Premium,MEDIUM,CUSTOM,0,0,0,0,No HWCO historical data available for this segment. Unable to establish baseline metrics.,0,0,0,0,No Lyft competitor data available for this segment. Unable to benchmark against competitor pricing.,49.49,4.8547,36.1,8673.35,No rules applied to this segment,49.49,4.8547,36.1,8673.35,No rules applied to this segment,49.49,4.8547,36.1,8673.35,No rules applied to this segment
Rural,Silver,Premium,MEDIUM,CUSTOM,0,0,0,0,No HWCO historical data available for this segment. Unable to establish baseline metrics.,0,0,0,0,No Lyft competitor data available for this segment. Unable to benchmark against competitor pricing.,49.49,4.6566,36.01,8298.69,No rules applied to this segment,49.49,4.6566,36.01,8298.69,No rules applied to this segment,49.49,4.6566,36.01,8298.69,No rules applied to this segment
Urban,Silver,Premium,LOW,CONTRACTED,0,0,0,0,No HWCO historical data available for this segment. Unable to establish baseline metrics.,0,0,0,0,No Lyft competitor data available for this segment. Unable to benchmark against competitor pricing.,35.17,3.7829,40.76,5422.9,No rules applied to this segment,35.17,3.7829,40.76,5422.9,No rules applied to this segment,35.17,3.7829,40.76,5422.9,No rules applied to this segment
Suburban,Silver,Premium,LOW,CONTRACTED,0,0,0,0,No HWCO historical data available for this segment. Unable to establish baseline metrics.,0,0,0,0,No Lyft competitor data available for this segment. Unable to benchmark against competitor pricing.,41.2,3.7229,50.39,7728.99,No rules applied to this segment,41.2,3.7229,50.39,7728.99,No rules applied to this segment,41.2,3.7229,50.39,7728.99,No rules applied to this segment
Rural,Silver,Premium,LOW,CONTRACTED,0,0,0,0,No HWCO historical data available for this segment. Unable to establish baseline metrics.,0,0,0,0,No Lyft competitor data available for this segment. Unable to benchmark against competitor pricing.,37.18,3.8096,49.56,7019.72,No rules applied to this segment,37.18,3.8096,49.56,7019.72,No rules applied to this segment,37.18,3.8096,49.56,7019.72,No rules applied to this segment
Urban,Silver,Premium,LOW,STANDARD,0,0,0,0,No HWCO historical data available for this segment. Unable to establish baseline metrics.,0,0,0,0,No Lyft competitor data available for this segment. Unable to benchmark against competitor pricing.,41.2,4.1549,46.39,7941.13,No rules applied to this segment,41.2,4.1549,46.39,7941.13,No rules applied to this segment,41.2,4.1549,46.39,7941.13,No rules applied to this segment
Suburban,Silver,Premium,LOW,STANDARD,0,0,0,0,No HWCO historical data available for this segment. Unable to establish baseline metrics.,0,0,0,0,No Lyft competitor data available for this segment. Unable to benchmark against competitor pricing.,45.22,4.1887,61.02,11557.98,No rules applied to this segment,45.22,4.1887,61.02,11557.98,No rules applied to this segment,45.22,4.1887,61.02,11557.98,No rules applied to this segment
Rural,Silver,Premium,LOW,STANDARD,0,0,0,0,No HWCO historical data available for this segment. Unable to establish baseline metrics.,0,0,0,0,No Lyft competitor data available for this segment. Unable to benchmark against competitor pricing.,55.27,4.1969,60.53,14040.7,No rules applied to this segment,55.27,4.1969,60.53,14040.7,No rules applied to this segment,55.27,4.1969,60.53,14040.7,No rules applied to this segment
Urban,Silver,Premium,LOW,CUSTOM,0,0,0,0,No HWCO historical data available for this segment. Unable to establish baseline metrics.,0,0,0,0,No Lyft competitor data available for this segment. Unable to benchmark against competitor pricing.,33.16,4.8664,38.27,6175.62,No rules applied to this segment,33.16,4.8664,38.27,6175.62,No rules applied to this segment,33.16,4.8664,38.27,6175.62,No rules applied to this segment
Suburban,Silver,Premium,LOW,CUSTOM,0,0,0,0,No HWCO historical data available for this segment. Unable to establish baseline metrics.,0,0,0,0,No Lyft competitor data available for this segment. Unable to benchmark against competitor pricing.,49.24,4.8335,36.13,8599.0,No rules applied to this segment,49.24,4.8335,36.13,8599.0,No rules applied to this segment,49.24,4.8335,36.13,8599.0,No rules applied to this segment
Rural,Silver,Premium,LOW,CUSTOM,0,0,0,0,No HWCO historical data available for this segment. Unable to establish baseline metrics.,0,0,0,0,No Lyft competitor data available for this segment. Unable to benchmark against competitor pricing.,49.24,4.7475,35.25,8240.28,No rules applied to this segment,49.24,4.7475,35.25,8240.28,No rules applied to this segment,49.24,4.7475,35.25,8240.28,No rules applied to this segment
Urban,Silver,Economy,HIGH,CONTRACTED,0,0,0,0,No HWCO historical data available for this segment. Unable to establish baseline metrics.,0,0,0,0,No Lyft competitor data available for this segment. Unable to benchmark against competitor pricing.,42.63,2.7974,34.3,4090.38,No rules applied to this segment,42.63,2.7974,34.3,4090.38,No rules applied to this segment,42.63,2.7974,34.3,4090.38,No rules applied to this segment
Suburban,Silver,Economy,HIGH,CONTRACTED,0,0,0,0,No HWCO historical data available for this segment. Unable to establish baseline metrics.,0,0,0,0,No Lyft competitor data available for this segment. Unable to benchmark against competitor pricing.,36.54,2.7628,27.59,2785.29,No rules applied to this segment,36.54,2.7628,27.59,2785.29,No rules applied to this segment,36.54,2.7628,27.59,2785.29,No rules applied to this segment
Rural,Silver,Economy,HIGH,CONTRACTED,0,0,0,0,No HWCO historical data available for this segment. Unable to establish baseline metrics.,0,0,0,0,No Lyft competitor data available for this segment. Unable to benchmark against competitor pricing.,44.66,2.6772,46.78,5593.19,No rules applied to this segment,44.66,2.6772,46.78,5593.19,No rules applied to this segment,44.66,2.6772,46.78,5593.19,No rules applied to this segment
Urban,Silver,Economy,HIGH,STANDARD,0,0,0,0,No HWCO historical data available for this segment. Unable to establish baseline metrics.,0,0,0,0,No Lyft competitor data available for this segment. Unable to benchmark against competitor pricing.,75.11,3.4239,46.26,11896.64,No rules applied to this segment,75.11,3.4239,46.26,11896.64,No rules applied to this segment,75.11,3.4239,46.26,11896.64,No rules applied to this segment
Suburban,Silver,Economy,HIGH,STANDARD,0,0,0,0,No HWCO historical data available for this segment. Unable to establish baseline metrics.,0,0,0,0,No Lyft competitor data available for this segment. Unable to benchmark against competitor pricing.,58.87,3.4019,53.13,10640.34,No rules applied to this segment,58.87,3.4019,53.13,10640.34,No rules applied to this segment,58.87,3.4019,53.13,10640.34,No rules applied to this segment
Rural,Silver,Economy,HIGH,STANDARD,0,0,0,0,No HWCO historical data available for this segment. Unable to establish baseline metrics.,0,0,0,0,No Lyft competitor data available for this segment. Unable to benchmark against competitor pricing.,71.05,3.2822,67.06,15638.41,No rules applied to this segment,71.05,3.2822,67.06,15638.41,No rules applied to this segment,71.05,3.2822,67.06,15638.41,No rules applied to this segment
Urban,Silver,Economy,HIGH,CUSTOM,0,0,0,0,No HWCO historical data available for this segment. Unable to establish baseline metrics.,0,0,0,0,No Lyft competitor data available for this segment. Unable to benchmark against competitor pricing.,38.57,3.503,26.41,3568.27,No rules applied to this segment,38.57,3.503,26.41,3568.27,No rules applied to this segment,38.57,3.503,26.41,3568.27,No rules applied to this segment
Suburban,Silver,Economy,HIGH,CUSTOM,0,0,0,0,No HWCO historical data available for this segment. Unable to establish baseline metrics.,0,0,0,0,No Lyft competitor data available for this segment. Unable to benchmark against competitor pricing.,40.6,3.6917,33.94,5087.03,No rules applied to this segment,40.6,3.6917,33.94,5087.03,No rules applied to this segment,40.6,3.6917,33.94,5087.03,No rules applied to this segment
Rural,Silver,Economy,HIGH,CUSTOM,0,0,0,0,No HWCO historical data available for this segment. Unable to establish baseline metrics.,0,0,0,0,No Lyft competitor data available for this segment. Unable to benchmark against competitor pricing.,36.54,3.521,30.35,3904.75,No rules applied to this segment,36.54,3.521,30.35,3904.75,No rules applied to this segment,36.54,3.521,30.35,3904.75,No rules applied to this segment
Urban,Silver,Economy,MEDIUM,CONTRACTED,0,0,0,0,No HWCO historical data available for this segment. Unable to establish baseline metrics.,0,0,0,0,No Lyft competitor data available for this segment. Unable to benchmark against competitor pricing.,51.51,2.7388,50.12,7070.71,No rules applied to this segment,51.51,2.7388,50.12,7070.71,No rules applied to this segment,51.51,2.7388,50.12,7070.71,No rules applied to this segment
Suburban,Silver,Economy,MEDIUM,CONTRACTED,0,0,0,0,No HWCO historical data available for this segment. Unable to establish baseline metrics.,0,0,0,0,No Lyft competitor data available for this segment. Unable to benchmark against competitor pricing.,45.45,2.6583,50.33,6080.86,No rules applied to this segment,45.45,2.6583,50.33,6080.86,No rules applied to this segment,45.45,2.6583,50.33,6080.86,No rules applied to this segment
Rural,Silver,Economy,MEDIUM,CONTRACTED,0,0,0,0,No HWCO historical data available for this segment. Unable to establish baseline metrics.,0,0,0,0,No Lyft competitor data available for this segment. Unable to benchmark against competitor pricing.,45.45,2.72,41.96,5187.26,No rules applied to this segment,45.45,2.72,41.96,5187.26,No rules applied to this segment,45.45,2.72,41.96,5187.26,No rules applied to this segment
Urban,Silver,Economy,MEDIUM,STANDARD,0,0,0,0,No HWCO historical data available for this segment. Unable to establish baseline metrics.,0,0,0,0,No Lyft competitor data available for this segment. Unable to benchmark against competitor pricing.,69.69,3.307,65.23,15033.22,No rules applied to this segment,69.69,3.307,65.23,15033.22,No rules applied to this segment,69.69,3.307,65.23,15033.22,No rules applied to this segment
Suburban,Silver,Economy,MEDIUM,STANDARD,0,0,0,0,No HWCO historical data available for this segment. Unable to establish baseline metrics.,0,0,0,0,No Lyft competitor data available for this segment. Unable to benchmark against competitor pricing.,67.67,3.4935,68.87,16281.22,No rules applied to this segment,67.67,3.4935,68.87,16281.22,No rules applied to this segment,67.67,3.4935,68.87,16281.22,No rules applied to this segment
Rural,Silver,Economy,MEDIUM,STANDARD,0,0,0,0,No HWCO historical data available for this segment. Unable to establish baseline metrics.,0,0,0,0,No Lyft competitor data available for this segment. Unable to benchmark against competitor pricing.,71.71,3.4219,67.02,16445.67,No rules applied to this segment,71.71,3.4219,67.02,16445.67,No rules applied to this segment,71.71,3.4219,67.02,16445.67,No rules applied to this segment
Urban,Silver,Economy,MEDIUM,CUSTOM,0,0,0,0,No HWCO historical data available for this segment. Unable to establish baseline metrics.,0,0,0,0,No Lyft competitor data available for this segment. Unable to benchmark against competitor pricing.,39.39,3.6543,35.74,5144.52,No rules applied to this segment,39.39,3.6543,35.74,5144.52,No rules applied to this segment,39.39,3.6543,35.74,5144.52,No rules applied to this segment
Suburban,Silver,Economy,MEDIUM,CUSTOM,0,0,0,0,No HWCO historical data available for this segment. Unable to establish baseline metrics.,0,0,0,0,No Lyft competitor data available for this segment. Unable to benchmark against competitor pricing.,43.43,3.809,44.8,7411.03,No rules applied to this segment,43.43,3.809,44.8,7411.03,No rules applied to this segment,43.43,3.809,44.8,7411.03,No rules applied to this segment
Rural,Silver,Economy,MEDIUM,CUSTOM,0,0,0,0,No HWCO historical data available for this segment. Unable to establish baseline metrics.,0,0,0,0,No Lyft competitor data available for this segment. Unable to benchmark against competitor pricing.,43.43,3.813,42.34,7011.44,No rules applied to this segment,43.43,3.813,42.34,7011.44,No rules applied to this segment,43.43,3.813,42.34,7011.44,No rules applied to this segment
Urban,Silver,Economy,LOW,CONTRACTED,0,0,0,0,No HWCO historical data available for this segment. Unable to establish baseline metrics.,0,0,0,0,No Lyft competitor data available for this segment. Unable to benchmark against competitor pricing.,41.2,2.6682,25.91,2848.28,No rules applied to this segment,41.2,2.6682,25.91,2848.28,No rules applied to this segment,41.2,2.6682,25.91,2848.28,No rules applied to this segment
Suburban,Silver,Economy,LOW,CONTRACTED,0,0,0,0,No HWCO historical data available for this segment. Unable to establish baseline metrics.,0,0,0,0,No Lyft competitor data available for this segment. Unable to benchmark against competitor pricing.,37.18,2.7882,34.82,3609.62,No rules applied to this segment,37.18,2.7882,34.82,3609.62,No rules applied to this segment,37.18,2.7882,34.82,3609.62,No rules applied to this segment
Rural,Silver,Economy,LOW,CONTRACTED,0,0,0,0,No HWCO historical data available for this segment. Unable to establish baseline metrics.,0,0,0,0,No Lyft competitor data available for this segment. Unable to benchmark against competitor pricing.,35.17,2.6633,27.95,2618.03,No rules applied to this segment,35.17,2.6633,27.95,2618.03,No rules applied to this segment,35.17,2.6633,27.95,2618.03,No rules applied to this segment
Urban,Silver,Economy,LOW,STANDARD,0,0,0,0,No HWCO historical data available for this segment. Unable to establish baseline metrics.,0,0,0,0,No Lyft competitor data available for this segment. Unable to benchmark against competitor pricing.,41.2,3.2565,32.91,4415.46,No rules applied to this segment,41.2,3.2565,32.91,4415.46,No rules applied to this segment,41.2,3.2565,32.91,4415.46,No rules applied to this segment
Suburban,Silver,Economy,LOW,STANDARD,0,0,0,0,No HWCO historical data available for this segment. Unable to establish baseline metrics.,0,0,0,0,No Lyft competitor data available for this segment. Unable to benchmark against competitor pricing.,51.25,3.3118,41.61,7062.45,No rules applied to this segment,51.25,3.3118,41.61,7062.45,No rules applied to this segment,51.25,3.3118,41.61,7062.45,No rules applied to this segment
Rural,Silver,Economy,LOW,STANDARD,0,0,0,0,No HWCO historical data available for this segment. Unable to establish baseline metrics.,0,0,0,0,No Lyft competitor data available for this segment. Unable to benchmark against competitor pricing.,43.21,3.1573,35.58,4854.07,No rules applied to this segment,43.21,3.1573,35.58,4854.07,No rules applied to this segment,43.21,3.1573,35.58,4854.07,No rules applied to this segment
Urban,Silver,Economy,LOW,CUSTOM,0,0,0,0,No HWCO historical data available for this segment. Unable to establish baseline metrics.,0,0,0,0,No Lyft competitor data available for this segment. Unable to benchmark against competitor pricing.,35.17,3.3243,24.98,2920.55,No rules applied to this segment,35.17,3.3243,24.98,2920.55,No rules applied to this segment,35.17,3.3243,24.98,2920.55,No rules applied to this segment
Suburban,Silver,Economy,LOW,CUSTOM,0,0,0,0,No HWCO historical data available for this segment. Unable to establish baseline metrics.,0,0,0,0,No Lyft competitor data available for this segment. Unable to benchmark against competitor pricing.,35.17,3.5657,33.46,4196.07,No rules applied to this segment,35.17,3.5657,33.46,4196.07,No rules applied to this segment,35.17,3.5657,33.46,4196.07,No rules applied to this segment
Rural,Silver,Economy,LOW,CUSTOM,0,0,0,0,No HWCO historical data available for this segment. Unable to establish baseline metrics.,0,0,0,0,No Lyft competitor data available for this segment. Unable to benchmark against competitor pricing.,33.16,3.1858,23.34,2465.66,No rules applied to this segment,33.16,3.1858,23.34,2465.66,No rules applied to this segment,33.16,3.1858,23.34,2465.66,No rules applied to this segment
Urban,Regular,Premium,HIGH,CONTRACTED,0,0,0,0,No HWCO historical data available for this segment. Unable to establish baseline metrics.,0,0,0,0,No Lyft competitor data available for this segment. Unable to benchmark against competitor pricing.,54.81,3.5954,68.91,13579.67,No rules applied to this segment,54.81,3.5954,68.91,13579.67,No rules applied to this segment,54.81,3.5954,68.91,13579.67,No rules applied to this segment
Suburban,Regular,Premium,HIGH,CONTRACTED,0,0,0,0,No HWCO historical data available for this segment. Unable to establish baseline metrics.,0,0,0,0,No Lyft competitor data available for this segment. Unable to benchmark against competitor pricing.,58.87,3.6029,70.5,14953.24,No rules applied to this segment,58.87,3.6029,70.5,14953.24,No rules applied to this segment,58.87,3.6029,70.5,14953.24,No rules applied to this segment
Rural,Regular,Premium,HIGH,CONTRACTED,0,0,0,0,No HWCO historical data available for this segment. Unable to establish baseline metrics.,0,0,0,0,No Lyft competitor data available for this segment. Unable to benchmark against competitor pricing.,52.78,3.4877,72.71,13384.52,No rules applied to this segment,52.78,3.4877,72.71,13384.52,No rules applied to this segment,52.78,3.4877,72.71,13384.52,No rules applied to this segment
Urban,Regular,Premium,HIGH,STANDARD,0,0,0,0,No HWCO historical data available for this segment. Unable to establish baseline metrics.,0,0,0,0,No Lyft competitor data available for this segment. Unable to benchmark against competitor pricing.,58.87,4.3268,56.09,14287.17,No rules applied to this segment,58.87,4.3268,56.09,14287.17,No rules applied to this segment,58.87,4.3268,56.09,14287.17,No rules applied to this segment
Suburban,Regular,Premium,HIGH,STANDARD,0,0,0,0,No HWCO historical data available for this segment. Unable to establish baseline metrics.,0,0,0,0,No Lyft competitor data available for this segment. Unable to benchmark against competitor pricing.,44.66,4.1814,45.17,8435.11,No rules applied to this segment,44.66,4.1814,45.17,8435.11,No rules applied to this segment,44.66,4.1814,45.17,8435.11,No rules applied to this segment
Rural,Regular,Premium,HIGH,STANDARD,0,0,0,0,No HWCO historical data available for this segment. Unable to establish baseline metrics.,0,0,0,0,No Lyft competitor data available for this segment. Unable to benchmark against competitor pricing.,62.93,4.3499,55.2,15110.4,No rules applied to this segment,62.93,4.3499,55.2,15110.4,No rules applied to this segment,62.93,4.3499,55.2,15110.4,No rules applied to this segment
Urban,Regular,Premium,HIGH,CUSTOM,0,0,0,0,No HWCO historical data available for this segment. Unable to establish baseline metrics.,0,0,0,0,No Lyft competitor data available for this segment. Unable to benchmark against competitor pricing.,51.76,4.7681,34.59,8536.7,No rules applied to this segment,51.76,4.7681,34.59,8536.7,No rules applied to this segment,51.76,4.7681,34.59,8536.7,No rules applied to this segment
Suburban,Regular,Premium,HIGH,CUSTOM,0,0,0,0,No HWCO historical data available for this segment. Unable to establish baseline metrics.,0,0,0,0,No Lyft competitor data available for this segment. Unable to benchmark against competitor pricing.,52.78,4.8162,35.46,9013.9,No rules applied to this segment,52.78,4.8162,35.46,9013.9,No rules applied to this segment,52.78,4.8162,35.46,9013.9,No rules applied to this segment
Rural,Regular,Premium,HIGH,CUSTOM,0,0,0,0,No HWCO historical data available for this segment. Unable to establish baseline metrics.,0,0,0,0,No Lyft competitor data available for this segment. Unable to benchmark against competitor pricing.,53.79,4.8654,35.95,9408.47,No rules applied to this segment,53.79,4.8654,35.95,9408.47,No rules applied to this segment,53.79,4.8654,35.95,9408.47,No rules applied to this segment
Urban,Regular,Premium,MEDIUM,CONTRACTED,0,0,0,0,No HWCO historical data available for this segment. Unable to establish baseline metrics.,0,0,0,0,No Lyft competitor data available for this segment. Unable to benchmark against competitor pricing.,61.61,3.526,71.73,15582.4,No rules applied to this segment,61.61,3.526,71.73,15582.4,No rules applied to this segment,61.61,3.526,71.73,15582.4,No rules applied to this segment
Suburban,Regular,Premium,MEDIUM,CONTRACTED,0,0,0,0,No HWCO historical data available for this segment. Unable to establish baseline metrics.,0,0,0,0,No Lyft competitor data available for this segment. Unable to benchmark against competitor pricing.,59.59,3.5562,77.92,16512.34,No rules applied to this segment,59.59,3.5562,77.92,16512.34,No rules applied to this segment,59.59,3.5562,77.92,16512.34,No rules applied to this segment
Rural,Regular,Premium,MEDIUM,CONTRACTED,0,0,0,0,No HWCO historical data available for this segment. Unable to establish baseline metrics.,0,0,0,0,No Lyft competitor data available for this segment. Unable to benchmark against competitor pricing.,61.61,3.5598,69.1,15154.96,No rules applied to this segment,61.61,3.5598,69.1,15154.96,No rules applied to this segment,61.61,3.5598,69.1,15154.96,No rules applied to this segment
Urban,Regular,Premium,MEDIUM,STANDARD,0,0,0,0,No HWCO historical data available for this segment. Unable to establish baseline metrics.,0,0,0,0,No Lyft competitor data available for this segment. Unable to benchmark against competitor pricing.,61.61,4.2077,58.1,15061.63,No rules applied to this segment,61.61,4.2077,58.1,15061.63,No rules applied to this segment,61.61,4.2077,58.1,15061.63,No rules applied to this segment
Suburban,Regular,Premium,MEDIUM,STANDARD,0,0,0,0,No HWCO historical data available for this segment. Unable to establish baseline metrics.,0,0,0,0,No Lyft competitor data available for this segment. Unable to benchmark against competitor pricing.,67.67,4.3961,43.14,12833.46,No rules applied to this segment,67.67,4.3961,43.14,12833.46,No rules applied to this segment,67.67,4.3961,43.14,12833.46,No rules applied to this segment
Rural,Regular,Premium,MEDIUM,STANDARD,0,0,0,0,No HWCO historical data available for this segment. Unable to establish baseline metrics.,0,0,0,0,No Lyft competitor data available for this segment. Unable to benchmark against competitor pricing.,61.61,4.3512,64.79,17368.74,No rules applied to this segment,61.61,4.3512,64.79,17368.74,No rules applied to this segment,61.61,4.3512,64.79,17368.74,No rules applied to this segment
Urban,Regular,Premium,MEDIUM,CUSTOM,0,0,0,0,No HWCO historical data available for this segment. Unable to establish baseline metrics.,0,0,0,0,No Lyft competitor data available for this segment. Unable to benchmark against competitor pricing.,51.51,4.6527,35.48,8503.16,No rules applied to this segment,51.51,4.6527,35.48,8503.16,No rules applied to this segment,51.51,4.6527,35.48,8503.16,No rules applied to this segment
Suburban,Regular,Premium,MEDIUM,CUSTOM,0,0,0,0,No HWCO historical data available for this segment. Unable to establish baseline metrics.,0,0,0,0,No Lyft competitor data available for this segment. Unable to benchmark against competitor pricing.,49.49,4.759,34.62,8153.8,No rules applied to this segment,49.49,4.759,34.62,8153.8,No rules applied to this segment,49.49,4.759,34.62,8153.8,No rules applied to this segment
Rural,Regular,Premium,MEDIUM,CUSTOM,0,0,0,0,No HWCO historical data available for this segment. Unable to establish baseline metrics.,0,0,0,0,No Lyft competitor data available for this segment. Unable to benchmark against competitor pricing.,49.49,4.7608,37.25,8776.55,No rules applied to this segment,49.49,4.7608,37.25,8776.55,No rules applied to this segment,49.49,4.7608,37.25,8776.55,No rules applied to this segment
Urban,Regular,Premium,LOW,CONTRACTED,0,0,0,0,No HWCO historical data available for this segment. Unable to establish baseline metrics.,0,0,0,0,No Lyft competitor data available for this segment. Unable to benchmark against competitor pricing.,45.22,3.5018,62.47,9892.21,No rules applied to this segment,45.22,3.5018,62.47,9892.21,No rules applied to this segment,45.22,3.5018,62.47,9892.21,No rules applied to this segment
Suburban,Regular,Premium,LOW,CONTRACTED,0,0,0,0,No HWCO historical data available for this segment. Unable to establish baseline metrics.,0,0,0,0,No Lyft competitor data available for this segment. Unable to benchmark against competitor pricing.,43.21,3.7104,53.82,8628.77,No rules applied to this segment,43.21,3.7104,53.82,8628.77,No rules applied to this segment,43.21,3.7104,53.82,8628.77,No rules applied to this segment
Rural,Regular,Premium,LOW,CONTRACTED,0,0,0,0,No HWCO historical data available for this segment. Unable to establish baseline metrics.,0,0,0,0,No Lyft competitor data available for this segment. Unable to benchmark against competitor pricing.,39.19,3.5297,47.9,6625.96,No rules applied to this segment,39.19,3.5297,47.9,6625.96,No rules applied to this segment,39.19,3.5297,47.9,6625.96,No rules applied to this segment
Urban,Regular,Premium,LOW,STANDARD,0,0,0,0,No HWCO historical data available for this segment. Unable to establish baseline metrics.,0,0,0,0,No Lyft competitor data available for this segment. Unable to benchmark against competitor pricing.,41.2,3.9883,47.67,7833.04,No rules applied to this segment,41.2,3.9883,47.67,7833.04,No rules applied to this segment,41.2,3.9883,47.67,7833.04,No rules applied to this segment
Suburban,Regular,Premium,LOW,STANDARD,0,0,0,0,No HWCO historical data available for this segment. Unable to establish baseline metrics.,0,0,0,0,No Lyft competitor data available for this segment. Unable to benchmark against competitor pricing.,41.2,4.1212,45.62,7745.98,No rules applied to this segment,41.2,4.1212,45.62,7745.98,No rules applied to this segment,41.2,4.1212,45.62,7745.98,No rules applied to this segment
Rural,Regular,Premium,LOW,STANDARD,0,0,0,0,No HWCO historical data available for this segment. Unable to establish baseline metrics.,0,0,0,0,No Lyft competitor data available for this segment. Unable to benchmark against competitor pricing.,45.22,4.0767,46.72,8612.76,No rules applied to this segment,45.22,4.0767,46.72,8612.76,No rules applied to this segment,45.22,4.0767,46.72,8612.76,No rules applied to this segment
Urban,Regular,Premium,LOW,CUSTOM,0,0,0,0,No HWCO historical data available for this segment. Unable to establish baseline metrics.,0,0,0,0,No Lyft competitor data available for this segment. Unable to benchmark against competitor pricing.,48.24,4.9887,37.08,8923.48,No rules applied to this segment,48.24,4.9887,37.08,8923.48,No rules applied to this segment,48.24,4.9887,37.08,8923.48,No rules applied to this segment
Suburban,Regular,Premium,LOW,CUSTOM,0,0,0,0,No HWCO historical data available for this segment. Unable to establish baseline metrics.,0,0,0,0,No Lyft competitor data available for this segment. Unable to benchmark against competitor pricing.,49.24,4.8393,36.27,8642.67,No rules applied to this segment,49.24,4.8393,36.27,8642.67,No rules applied to this segment,49.24,4.8393,36.27,8642.67,No rules applied to this segment
Rural,Regular,Premium,LOW,CUSTOM,0,0,0,0,No HWCO historical data available for this segment. Unable to establish baseline metrics.,0,0,0,0,No Lyft competitor data available for this segment. Unable to benchmark against competitor pricing.,48.24,4.7023,36.08,8184.35,No rules applied to this segment,48.24,4.7023,36.08,8184.35,No rules applied to this segment,48.24,4.7023,36.08,8184.35,No rules applied to this segment
Urban,Regular,Economy,HIGH,CONTRACTED,0,0,0,0,No HWCO historical data available for this segment. Unable to establish baseline metrics.,0,0,0,0,No Lyft competitor data available for this segment. Unable to benchmark against competitor pricing.,38.57,2.7193,37.36,3918.44,No rules applied to this segment,38.57,2.7193,37.36,3918.44,No rules applied to this segment,38.57,2.7193,37.36,3918.44,No rules applied to this segment
Suburban,Regular,Economy,HIGH,CONTRACTED,0,0,0,0,No HWCO historical data available for this segment. Unable to establish baseline metrics.,0,0,0,0,No Lyft competitor data available for this segment. Unable to benchmark against competitor pricing.,42.63,2.7408,41.22,4816.16,No rules applied to this segment,42.63,2.7408,41.22,4816.16,No rules applied to this segment,42.63,2.7408,41.22,4816.16,No rules applied to this segment
Rural,Regular,Economy,HIGH,CONTRACTED,0,0,0,0,No HWCO historical data available for this segment. Unable to establish baseline metrics.,0,0,0,0,No Lyft competitor data available for this segment. Unable to benchmark against competitor pricing.,42.63,2.6379,45.54,5121.14,No rules applied to this segment,42.63,2.6379,45.54,5121.14,No rules applied to this segment,42.63,2.6379,45.54,5121.14,No rules applied to this segment
Urban,Regular,Economy,HIGH,STANDARD,0,0,0,0,No HWCO historical data available for this segment. Unable to establish baseline metrics.,0,0,0,0,No Lyft competitor data available for this segment. Unable to benchmark against competitor pricing.,50.75,3.3123,48.56,8162.9,No rules applied to this segment,50.75,3.3123,48.56,8162.9,No rules applied to this segment,50.75,3.3123,48.56,8162.9,No rules applied to this segment
Suburban,Regular,Economy,HIGH,STANDARD,0,0,0,0,No HWCO historical data available for this segment. Unable to establish baseline metrics.,0,0,0,0,No Lyft competitor data available for this segment. Unable to benchmark against competitor pricing.,58.87,3.4868,57.7,11843.96,No rules applied to this segment,58.87,3.4868,57.7,11843.96,No rules applied to this segment,58.87,3.4868,57.7,11843.96,No rules applied to this segment
Rural,Regular,Economy,HIGH,STANDARD,0,0,0,0,No HWCO historical data available for this segment. Unable to establish baseline metrics.,0,0,0,0,No Lyft competitor data available for this segment. Unable to benchmark against competitor pricing.,56.84,3.4121,49.07,9516.82,No rules applied to this segment,56.84,3.4121,49.07,9516.82,No rules applied to this segment,56.84,3.4121,49.07,9516.82,No rules applied to this segment
Urban,Regular,Economy,HIGH,CUSTOM,0,0,0,0,No HWCO historical data available for this segment. Unable to establish baseline metrics.,0,0,0,0,No Lyft competitor data available for this segment. Unable to benchmark against competitor pricing.,38.57,3.7112,39.17,5606.83,No rules applied to this segment,38.57,3.7112,39.17,5606.83,No rules applied to this segment,38.57,3.7112,39.17,5606.83,No rules applied to this segment
Suburban,Regular,Economy,HIGH,CUSTOM,0,0,0,0,No HWCO historical data available for this segment. Unable to establish baseline metrics.,0,0,0,0,No Lyft competitor data available for this segment. Unable to benchmark against competitor pricing.,38.57,3.3119,24.86,3175.62,No rules applied to this segment,38.57,3.3119,24.86,3175.62,No rules applied to this segment,38.57,3.3119,24.86,3175.62,No rules applied to this segment
Rural,Regular,Economy,HIGH,CUSTOM,0,0,0,0,No HWCO historical data available for this segment. Unable to establish baseline metrics.,0,0,0,0,No Lyft competitor data available for this segment. Unable to benchmark against competitor pricing.,34.51,3.2913,23.47,2665.79,No rules applied to this segment,34.51,3.2913,23.47,2665.79,No rules applied to this segment,34.51,3.2913,23.47,2665.79,No rules applied to this segment
Urban,Regular,Economy,MEDIUM,CONTRACTED,0,0,0,0,No HWCO historical data available for this segment. Unable to establish baseline metrics.,0,0,0,0,No Lyft competitor data available for this segment. Unable to benchmark against competitor pricing.,41.41,2.7526,48.01,5472.43,No rules applied to this segment,41.41,2.7526,48.01,5472.43,No rules applied to this segment,41.41,2.7526,48.01,5472.43,No rules applied to this segment
Suburban,Regular,Economy,MEDIUM,CONTRACTED,0,0,0,0,No HWCO historical data available for this segment. Unable to establish baseline metrics.,0,0,0,0,No Lyft competitor data available for this segment. Unable to benchmark against competitor pricing.,39.39,2.7214,36.74,3938.38,No rules applied to this segment,39.39,2.7214,36.74,3938.38,No rules applied to this segment,39.39,2.7214,36.74,3938.38,No rules applied to this segment
Rural,Regular,Economy,MEDIUM,CONTRACTED,0,0,0,0,No HWCO historical data available for this segment. Unable to establish baseline metrics.,0,0,0,0,No Lyft competitor data available for this segment. Unable to benchmark against competitor pricing.,39.39,2.8763,31.61,3581.33,No rules applied to this segment,39.39,2.8763,31.61,3581.33,No rules applied to this segment,39.39,2.8763,31.61,3581.33,No rules applied to this segment
Urban,Regular,Economy,MEDIUM,STANDARD,0,0,0,0,No HWCO historical data available for this segment. Unable to establish baseline metrics.,0,0,0,0,No Lyft competitor data available for this segment. Unable to benchmark against competitor pricing.,65.65,3.456,65.94,14960.89,No rules applied to this segment,65.65,3.456,65.94,14960.89,No rules applied to this segment,65.65,3.456,65.94,14960.89,No rules applied to this segment
Suburban,Regular,Economy,MEDIUM,STANDARD,0,0,0,0,No HWCO historical data available for this segment. Unable to establish baseline metrics.,0,0,0,0,No Lyft competitor data available for this segment. Unable to benchmark against competitor pricing.,55.55,3.2956,54.85,10041.42,No rules applied to this segment,55.55,3.2956,54.85,10041.42,No rules applied to this segment,55.55,3.2956,54.85,10041.42,No rules applied to this segment
Rural,Regular,Economy,MEDIUM,STANDARD,0,0,0,0,No HWCO historical data available for this segment. Unable to establish baseline metrics.,0,0,0,0,No Lyft competitor data available for this segment. Unable to benchmark against competitor pricing.,61.61,3.5218,63.42,13760.75,No rules applied to this segment,61.61,3.5218,63.42,13760.75,No rules applied to this segment,61.61,3.5218,63.42,13760.75,No rules applied to this segment
Urban,Regular,Economy,MEDIUM,CUSTOM,0,0,0,0,No HWCO historical data available for this segment. Unable to establish baseline metrics.,0,0,0,0,No Lyft competitor data available for this segment. Unable to benchmark against competitor pricing.,39.39,3.8619,42.43,6454.46,No rules applied to this segment,39.39,3.8619,42.43,6454.46,No rules applied to this segment,39.39,3.8619,42.43,6454.46,No rules applied to this segment
Suburban,Regular,Economy,MEDIUM,CUSTOM,0,0,0,0,No HWCO historical data available for this segment. Unable to establish baseline metrics.,0,0,0,0,No Lyft competitor data available for this segment. Unable to benchmark against competitor pricing.,43.43,3.8331,43.44,7231.52,No rules applied to this segment,43.43,3.8331,43.44,7231.52,No rules applied to this segment,43.43,3.8331,43.44,7231.52,No rules applied to this segment
Rural,Regular,Economy,MEDIUM,CUSTOM,0,0,0,0,No HWCO historical data available for this segment. Unable to establish baseline metrics.,0,0,0,0,No Lyft competitor data available for this segment. Unable to benchmark against competitor pricing.,39.39,3.7292,42.56,6251.77,No rules applied to this segment,39.39,3.7292,42.56,6251.77,No rules applied to this segment,39.39,3.7292,42.56,6251.77,No rules applied to this segment
Urban,Regular,Economy,LOW,CONTRACTED,0,0,0,0,No HWCO historical data available for this segment. Unable to establish baseline metrics.,0,0,0,0,No Lyft competitor data available for this segment. Unable to benchmark against competitor pricing.,41.2,2.7298,37.77,4247.91,No rules applied to this segment,41.2,2.7298,37.77,4247.91,No rules applied to this segment,41.2,2.7298,37.77,4247.91,No rules applied to this segment
Suburban,Regular,Economy,LOW,CONTRACTED,0,0,0,0,No HWCO historical data available for this segment. Unable to establish baseline metrics.,0,0,0,0,No Lyft competitor data available for this segment. Unable to benchmark against competitor pricing.,39.19,2.7194,28.24,3009.63,No rules applied to this segment,39.19,2.7194,28.24,3009.63,No rules applied to this segment,39.19,2.7194,28.24,3009.63,No rules applied to this segment
Rural,Regular,Economy,LOW,CONTRACTED,0,0,0,0,No HWCO historical data available for this segment. Unable to establish baseline metrics.,0,0,0,0,No Lyft competitor data available for this segment. Unable to benchmark against competitor pricing.,33.16,2.756,23.13,2113.83,No rules applied to this segment,33.16,2.756,23.13,2113.83,No rules applied to this segment,33.16,2.756,23.13,2113.83,No rules applied to this segment
Urban,Regular,Economy,LOW,STANDARD,0,0,0,0,No HWCO historical data available for this segment. Unable to establish baseline metrics.,0,0,0,0,No Lyft competitor data available for this segment. Unable to benchmark against competitor pricing.,49.24,3.3208,47.49,7765.38,No rules applied to this segment,49.24,3.3208,47.49,7765.38,No rules applied to this segment,49.24,3.3208,47.49,7765.38,No rules applied to this segment
Suburban,Regular,Economy,LOW,STANDARD,0,0,0,0,No HWCO historical data available for this segment. Unable to establish baseline metrics.,0,0,0,0,No Lyft competitor data available for this segment. Unable to benchmark against competitor pricing.,49.24,3.5933,55.5,9819.84,No rules applied to this segment,49.24,3.5933,55.5,9819.84,No rules applied to this segment,49.24,3.5933,55.5,9819.84,No rules applied to this segment
Rural,Regular,Economy,LOW,STANDARD,0,0,0,0,No HWCO historical data available for this segment. Unable to establish baseline metrics.,0,0,0,0,No Lyft competitor data available for this segment. Unable to benchmark against competitor pricing.,49.24,3.1611,48.35,7525.8,No rules applied to this segment,49.24,3.1611,48.35,7525.8,No rules applied to this segment,49.24,3.1611,48.35,7525.8,No rules applied to this segment
Urban,Regular,Economy,LOW,CUSTOM,0,0,0,0,No HWCO historical data available for this segment. Unable to establish baseline metrics.,0,0,0,0,No Lyft competitor data available for this segment. Unable to benchmark against competitor pricing.,39.19,3.8233,44.5,6667.66,No rules applied to this segment,39.19,3.8233,44.5,6667.66,No rules applied to this segment,39.19,3.8233,44.5,6667.66,No rules applied to this segment
Suburban,Regular,Economy,LOW,CUSTOM,0,0,0,0,No HWCO historical data available for this segment. Unable to establish baseline metrics.,0,0,0,0,No Lyft competitor data available for this segment. Unable to benchmark against competitor pricing.,39.19,3.7176,39.29,5724.27,No rules applied to this segment,39.19,3.7176,39.29,5724.27,No rules applied to this segment,39.19,3.7176,39.29,5724.27,No rules applied to this segment
Rural,Regular,Economy,LOW,CUSTOM,0,0,0,0,No HWCO historical data available for this segment. Unable to establish baseline metrics.,0,0,0,0,No Lyft competitor data available for this segment. Unable to benchmark against competitor pricing.,33.16,3.1585,26.46,2771.31,No rules applied to this segment,33.16,3.1585,26.46,2771.31,No rules applied to this segment,33.16,3.1585,26.46,2771.31,No rules applied to this segment
